id;orginal_name;file_name;file_size;file_format;file_path;file_entity
1;bypass Right-sized;quantify Avon Profit-focused;52046;Buckinghamshire;Ergonomic;STUDYATKOREA
2;Solutions Oman;Cambridgeshire;51112;XSS;compress Run;INSTITUION
3;Chips Home;Unbranded Mozambique teal;56970;Netherlands Intelligent experiences;Forward;STUDYATKOREA
4;Usability Rubber;Personal logistical Rustic;4793;leading-edge;Shilling Germany;STUDYATKOREA
5;optimize;up;41166;Account Gloves;Dalasi bandwidth panel;STUDYATKOREA
6;grey;global;86955;Personal;multi-byte;STUDYATKOREA
7;Account;Wooden Global;39752;Solutions eyeballs;Generic regional;INSTITUION
8;Tunisia auxiliary Berkshire;invoice Passage;15290;Electronics Alabama;synthesizing Security;INSTITUION
9;Refined;wireless SQL;13202;Officer Director;Market Reduced seamless;INSTITUION
10;Internal generating;Cambridgeshire Internal teal;1676;Tactics Director connect;Kuwaiti superstructure;STUDYATKOREA
