id;file_orginal_name;file_name_uz;file_name_ru;file_name_kr;file_type;file_size;file_path
1;District payment;Research Handcrafted enable;distributed Jersey;project;Account;29335;plum Metrics
2;International bluetooth value-added;calculate payment;Australia Forward Mews;circuit bluetooth Vermont;array;70560;Garden
3;Intelligent navigating holistic;connecting;Oklahoma;Kids Rial lime;Martinique Washington;591;Cambridgeshire
4;Dakota and Table;Communications withdrawal;Corporate syndicate;Switzerland;Towels Finland SAS;95457;Organized
5;Market yellow COM;efficient Corporate orange;Steel Ridges incentivize;Leu;Handmade orange;42211;SDD
6;HDD copying protocol;Nevada payment seize;even-keeled firewall Indonesia;generating transmit Walk;Practical Interactions;83024;emulation Pizza
7;deposit;Tools bypass;Outdoors;magnetic portals;Guyana Bacon Shirt;23768;Ruble Fords Kids
8;Outdoors;Down-sized;Clothing;Incredible mobile;initiative Tonga Gloves;75044;Georgia olive
9;Card AGP turquoise;maroon paradigms SSL;ubiquitous synergize withdrawal;Usability;Savings monitor;40928;United copying
10;Shoes Handcrafted Developer;sky Director;sensor Borders;Data salmon Product;Internal Taka;37820;Senegal
